id,senha
81222,AD4AA233
84838,4C967F67
54759,40F714F5
93507,ECCB57EF
64946,1032013E
73619,83B55090
99287,CF2D1078
49577,82354311
90340,2B748990
92200,6128F478
32297,ABB2128C
26344,9C8028BA
52825,D5262DF6
59964,ED911E78
86769,D943D726
28853,0D94B714
84094,7D7475D7
85010,0771CA8E
14145,4638D90F
64635,AC09A150
54201,4BDC237D
96998,98039305
82809,636778C2
69968,E5355F89
82798,0A5452DD
57203,0A6300A6
46444,3DB63BDD
12275,984588E1
36215,751A697B
73208,FADCF1B7
22132,139BAD36
76375,E9C1D24E
34596,81F98432
75464,0C465B58
7008,FEB57EA2
72428,26571FC0
96654,98E00D3B
3772,F61F412F
92242,02072F47
46398,0C5B6D05
40890,8D9498B3
13513,46CCA852
72467,0EB55AA7
1780,1963E74C
99661,5FF2D4CD
46478,C30A0361
83901,E8A485DD
66985,534A5983
348,DFA0B109
61014,FCD7AFBA
60817,D3B5FD23
94589,F7B339B2
88903,12DE1C41
57352,983D489F
60233,8C8296BF
23163,CCA7BDBE
7772,DB70EC6E
49032,11E048B1
71555,9B00E7E4
85216,57EC2703
59180,B7F0A99E
785,19620B83
69874,5BF703CA
75781,4EBEA8AF
32490,B4165042
15765,DEEBC8B0
49206,909D7BD5
24762,FA57EAE3
33928,0120F877
19733,A5C5E80F
54268,42E10462
41648,8E7200B4
41639,593D47A3
2786,60D2E9F8
96956,C92B113E
98830,3F249333
87083,8080C577
65350,84FE776F
8895,A51252A3
41175,95E92044
79542,B526A2FA
43724,F650D099
36505,0ED0CEDA
40344,42C7DB34
93998,0289B31E
94344,A1114BEF
16194,F89F5956
32142,787DA34B
97933,B30C9CD5
88198,86FFA466
62434,EF4350D8
62465,E714E90E
30431,C36E4E52
31336,A4C9C0EC
13739,2122442A
34330,80F4F9B9
15287,CC290913
71841,E5D4D759
33265,AA400C65
22735,D9B2CC99
